,ClusterID,clu_balance,clu_purchases,clu_purchasefreq,clu_purchasetrx,clu_Monthlyavgpurchase,clu_Monthlycashadvance,clu_limitusage,clu_cashadvtrx,clu_payminpaymentratio,clu_both,clu_installment,clu_one_off,clu_none,clu_creditlimit
0,0,59.06494938207549,165.0841509433963,0.8022654109539351,33.13529198404063,14.274403587764429,32.9749032690346,0.018610595727746666,0.6297169811320755,88.76104149191967,0.0,0.7900943396226415,0.0,0.2099056603773585,3611.045597483491
1,1,2239.0643247158196,0.0,0.0037582746411483252,0.045933014354066985,0.0,184.37621514453227,0.5982282522370951,6.459805427547363,2.860054031688996,0.0,0.0,0.0,1.0,4035.26199010087
2,2,927.672621306766,1408.9470897200113,0.7030349820547328,12.05114401076716,120.31965861610148,7.2509164758984825,0.26912650544674366,0.22848967913345597,6.4555865900378855,0.3966891477621091,0.325567136725935,0.27774371551195587,0.0,4425.122335143675
3,3,3014.887742236307,1199.231827380952,0.3211696376734267,7.1189967982924225,105.05438129938841,230.24173360397316,0.5877630399183075,8.973809523809523,3.7333133703937245,0.49583333333333335,0.1976190476190476,0.30654761904761907,0.0,5452.23484848512
